,C_Rate,SPMT_RMSE
0,0.1,0.15548344369399178
1,0.2,0.16255485486448784
2,0.4,0.16630530894118084
3,0.8,0.16821769793681518
4,1.0,0.18145952708324994
5,2.0,0.23429359119722482
6,4.0,0.2893270402329074
7,6.0,0.33805591449627287
8,8.0,0.3577142390469387
9,10.0,0.3851239628749881
